android,40
hook,9
xposed,3
aop,634
non-root,0
redux,0
adapter,0
framework,28
reactive,3
component,1
functional-programming,2
flutter,0
microservice,7
websocket-server,1
spring-cloud,8
annotations,19
rpc,7
tcp-server,0
http-server,0
swoole,4
springboot,37
coroutine,3
annotation-framework,1
mysql,18
java,124
spring,136
bytecode,4
ddd,0
javafx,1
asm,11
drools,0
javassist,11
mybaits,0
proxy,19
oop,9
lazy-loading,0
consul,0
apollo-client,1
websocket,5
amqp,0
dependency-injection,17
grpc,2
json-rpc,0
etcd,0
psr-7,0
opentracing,1
psr-15,0
zipkin,0
psr-14,0
hyperf,0
jquery,5
ioc,80
mail,3
database,5
micro-framework,2
http-client,0
html-parser,0
java8,5
json-parser,0
utility-library,0
jodd,0
redis,32
cors,1
t4,1
jwt,6
repository,2
swagger,8
netcore,9
rbac,0
autofac,13
dto,0
automapper,0
netcore-webapi,0
sqlsugar,1
sqlsugarcore,1
rbac-roles,0
net5,1
netcore-vue,0
art,2
epic,0
dexposed,0
linux,0
design-pattern,0
orm,10
mvc,20
java-8,10
router,5
material-design,0
apt,6
gradle,23
rxjava,1
mvp,5
retrofit,1
realm,1
rxjava2,2
mvp-architecture,0
aspectj,56
databinding,2
aop-architecture,5
okbus,0
javaee,2
nutz,0
fragments,0
android-library,4
fragment,0
swipeback,0
activity-fragment,0
threadlocal,1
log4j-mdc,0
spring-boot,71
maven,9
session,1
quartz,6
motan,1
redisson,1
mybatis,25
spring-mvc,28
spring-session,0
spring-data-redis,0
shiro,8
springmvc,15
dubbo,6
springsession,0
ibase4j,0
php,10
interceptor,23
aspect-oriented-framework,8
kafka,3
translation,0
protobuf,2
rabbitmq,9
activemq,2
soa,1
kryo,0
rocketmq,2
springcloud,1
aspect,19
aspect-oriented-programming,56
aspectcore-framework,1
thymeleaf,7
solr,1
restful,5
ajax,2
zookeeper,4
poi,3
druid,3
freemarker,1
ssi,0
lucene,0
activiti,0
inline-hook,1
java-hook,1
conventions,0
rad,0
security,5
schedule,1
async,7
jpa,16
cache,11
logs,0
boot,2
objective-c,2
objc,0
aspects,23
libffi,2
efficiency-library,0
web,6
jdbc,8
db,3
hasor,0
dataql,0
tconsole,0
macos,0
hooks,5
ios,3
cocoapods,0
carthage,0
hookblock,0
blockhook,0
kotlin,13
gradle-aspectjx,0
xaop,0
x-library,0
ruby,0
workflow,2
performance,2
monitoring,0
performance-monitoring,0
library,3
kotlin-android,0
gradle-plugin,11
runtime-permissions,0
aop-aspectj,17
autotrack,0
codeless,1
autotracker,0
javaweb,2
ssm,0
mybatis-generator,2
aop-aspects,20
c-sharp,11
wrapper,1
mixins,1
dotnet,14
attributes,0
injection,6
advice,9
aot,0
dotnet-core,6
wrap,1
attribute,0
compile-time,0
mixin,2
inpc,0
postsharp,4
blazor,0
aspect-injector,0
oauth2,2
netty,8
gateway,2
bio,0
spring-security,7
sign,0
mybatis-plus,5
spring-boot-demo,0
cloud-alibaba,0
cloud-gateway,0
data-redis,0
demo,2
mvvm,3
retrofit2,1
room-persistence-library,0
koin,1
middleware,4
vue,3
service,3
filter,3
token,0
nlog,0
webapi,8
mapster,0
dbfirst,0
csredis,1
game,1
rpg,0
server,0
mmo,0
distributed,0
dao,3
ioc-container,10
summer,1
server-framework,0
mmorpg-server,0
servlet,2
mars,0
martian,0
mars-java,0
mars-framework,0
elasticsearch,3
task,1
sms,3
qiniu,0
ehcache,1
swagger2,3
actuator,2
easypoi,0
react,4
mongodb,7
influxdb,0
bean,4
sse,0
springsecurity,4
webflux,2
jdbctemplate,1
springboot-redis,0
spel,1
assembly,0
inject-aspects,0
rest,6
di,13
unit-testing,0
crud,2
validation,4
cqrs,3
solid,3
integration-testing,0
transaction,7
design-patterns,6
event-driven,0
efcore,1
aspnet-core,1
multitenancy,0
master-detail,0
coldfusion,0
logging-library,1
hmvc,0
cfml,0
caching-library,0
hmvc-framework,0
hooking,0
aop-framework,13
art-runtime,0
hook-framework,1
ai,0
fsm,0
csharp,27
unity,2
unity3d,0
ecs,0
entity,0
procedure,0
ugui,0
hotfix,1
gameobject,0
objectpool,0
xlua,0
unity3d-framework,0
unity-htframework,0
custommodule,0
tcp,0
php7,0
coroutines,0
pool,0
process,2
socket-server,0
asynctask,0
micro-service,0
async-redis,0
composer-package,0
swoft,3
async-mysql,0
guice,8
autowire,0
groovy,6
gradle-android-plugin,1
gradleplugin,0
aop-plugin,2
asm-clickdebounce,0
alipay,0
mini-program,1
mini-app,1
decorators,9
weapp,0
mp,0
wxa,0
utility,0
extensions,0
dotnetcore,6
helpers,0
totp,1
netstandard,1
common,1
log4net,0
weihanli,0
helpers-library,0
netstandard2,0
runtime,1
cil,3
interception,8
inteceptor,0
architecture,4
composition,3
net,1
c,0
cpp,1
efficient,0
oc,0
swift,1
kvo,0
swizzling,0
swizzle,1
camera,0
mp4,0
aac,0
gesture,0
pcm,0
glsl-shader,0
egl,0
audiorecorder,0
mediacodec,0
surfaceview,0
vbo,0
fbo,0
nv21,0
mediamuxer,0
opengles2,0
eglcontext,0
javascript,9
hugo,1
methodtime,0
crepecake,1
laravel,0
lumen,0
laravel-aspect,0
springframework,12
jdk-proxy,0
cglib-proxy,0
hacktoberfest,3
fody,6
fody-weaver,0
metadata,0
reflection,4
typescript,14
es6,0
serverless,0
agent-oriented-programming,0
annotation,14
mvc-framework,0
docker,8
command,0
banner,0
exception,0
condition,0
multidatasource,0
atomikos-jta,0
python,4
debugging,0
decorator,5
monkey-patching,0
diagnostics,0
csharp-code,0
bridge,0
laravel-5-package,0
metaprogramming,2
mocking,1
dotnet-framework,0
clr-4,0
deflector,0
graphql,1
spring-data,4
postgresql,1
jwt-token,0
spring-data-jpa,9
spring-aop,18
metrics,3
dropwizard,0
axios,1
cecil,8
ilweaving,2
javapoet,1
thunder,0
koa,0
koa2,1
auto-injection,0
nacos,1
typescript-decorator,0
compile,0
binder,0
ndk,0
lombok,4
protostuff,0
mybatis-pagehelper,0
distributed-transaction,0
java-mail,0
hyperscript,0
observable,0
frp,0
asynciterator,0
spect,0
selector-observer,0
validator,2
check,1
validate,2
micro,0
smart,0
javax-validation,0
paramvalidator,0
roslyn,3
symfony-bundle,0
symfony2,0
monitor,1
logging,14
bytecode-instrumentation,0
log,8
room,0
navigation,0
jetpack,0
viewmodel,0
paging,0
livedata,0
viewbinding,0
hilt,0
logback,0
webmagic,0
xxl-job,0
easyexcel,1
knife4j,0
utils,3
inject,1
hof,0
intercep,0
automated-logging,0
blog,0
html,1
apache-license-2,0
amaze-ui,0
pesonal-website,0
golang,3
injector,0
egg,0
egg-plugin,0
vertx,0
jsr250,0
jsr330,0
diff,0
helper,0
csv,0
collection,0
tools,1
cron,2
stream,0
pipeline,1
timer,1
reflect,2
pinyin,0
idgenerator,0
classpath,0
fast,1
developing,0
baselibrary,0
permision,0
jmx,0
multi,0
cacher,0
recyclerview,0
viewholder,0
annotationprocessor,0
aop-recyclerview,0
entity-framework,4
net-mvc,0
ddd-patterns,0
enterprise-library,0
instrumentation,0
bytecode-manipulation,1
aspnetcore,1
samples,1
asp-net-core,1
script-engine,0
aspectcore,0
redis-copy,0
google-analytics,0
tracking,2
vuejs,0
emit,0
mock,2
productivity,0
design,0
pattern,0
container,3
efficiency,0
inversion-of-control,6
dependency,1
cross-cutting-concerns,4
core,2
uwp,0
cauldron,0
capgemini,0
composite,1
dynamicproxy,2
spring-jdbc,2
certification,1
ioc-framework,3
pluralsight-courses,0
asynchronous,0
actor-model,0
thread,1
concurrency,1
async-programming,0
delphi,0
advices,0
professional,0
spring-framework,7
spring-integration,0
spring-di,0
spring-ioc,0
transform,4
custom-gradle-plug,0
brazil,0
spring-net,1
oragon,1
dynamic-proxy,8
symfony,0
zero-copy,0
classloader,0
ast,2
extra,0
jca,0
ex,0
jvm-sandbox,0
compile-time-annotation,0
module,0
cluster,1
progressive,0
lifecycle,1
injection-framework,1
augejs,0
postman,0
entityframework,1
sqlserver,0
fluentvalidation,4
single-responsibility-principle,0
reusability,0
typescript-aop,0
separation-of-concerns,0
addin,0
catel,0
weaving,1
bootstrap,2
adminlte,0
elk,0
beetl,0
springadmin,0
easy,0
appframework-library,0
qsmaxmin,0
log4j,2
h2-database,5
pagehelper,1
java-library,1
contracts,0
mimick,0
rest-api,6
springboot2,5
unittest,0
build-tool,0
pack,0
type,0
activity,0
unit,0
activities,0
unit-test,1
typescript-decorators,0
type-ioc,0
sentinel,0
spring-redis,0
bluetooth,0
ui-components,0
opengl-es,0
articles,0
php-extension,0
null-check,0
nullable-reference-types,0
nullguard,0
il-weaver,0
neon,1
raster,0
bands,0
hyperspectral-images,0
extract-spectra,0
wavelengths,0
spatial-points,0
ecological-observatory-network,0
recaptcha,0
captcha,1
emailvalidation,0
verifycode,0
smsverify,0
clojure,1
clojurescript,0
inheritance,2
multimethods,0
middlware,0
decorator-pattern,1
desensitization,0
android-aspectj,0
netcore22,0
continuous-integration,0
continuous-delivery,0
d,0
flyway,1
junit5,3
interface-design,0
aop-sample,4
java-annotation-processing,0
permission,2
javascript-proxy,0
javascirpt,0
javascript-prototypes,0
hacktoberfest2020,0
thesis,0
ekeko,0
aspect-modules,0
batch,0
ssh,1
course-spring,0
lightweight,0
high-performance,0
today-aop,0
mssql,1
entity-framework-core,2
solid-principles,3
layered-architecture,1
promise,1
pipe,0
ramda,0
ts,0
context,0
adt,0
maybe,0
either,0
compose,0
exit,0
kleisli,0
monet,0
chain-promise,0
fp-libraries,0
back-end,0
database-management,1
multitier-architecture,1
logger,2
mask,0
masking,0
responsemasking,0
python3,0
import,0
rsocket,0
gson,0
okhttp,0
glide,0
smartrefreshlayout,0
rxjava3,0
mutiple-datasources,0
json,3
xml,0
plugins,2
integration,0
zend-framework,0
proxy-generator,0
cli,0
command-line,0
java-framework,0
pojo,0
web-application-framework,0
aspectran,0
webapp,0
dnc,0
dockerfile-docker,0
layui,0
yii2,0
yii,0
yii2-extension,0
goaop,1
encryption,0
website,0
threading,0
mappings,0
orm-framework,0
source-code-analysis,0
memcached,0
lock,0
hystrix,1
tcc,0
authority-management,0
okhttp3,0
wxpay,0
wx,0
zxing-qrcode,0
wxlogin,0
android-spring,0
annotation-support,0
linq,3
api,1
caching,2
jwt-authentication,2
exception-handling,1
intercept,1
wenli,0
template-metaprogramming,0
msil,0
il,1
spring-aop-interceptor,0
argument-interceptor,0
event-bus,0
net-core-3,0
dynamic-api,0
aop-library,0
guava,1
rate-limit,0
fastdfs,0
shardingsphere,0
interceptors,0
actionfilter,0
methodfilter,0
transform-api,0
load-time-weaving,2
javascript-library,0
dependency-injection-container,0
poco,0
property-changed,0
devtools,1
undertow,0
joda-time,0
log4j2,0
hikaricp,1
mybatis3,2
status,0
visitor-pattern,0
responsibility,0
factory-pattern,0
build-pattern,0
stratege-pattern,0
decorate-pattern,0
osgi,1
http,2
tool,0
qrcode,0
jetfire,0
netty-rpc,0
java-rpc,0
cglib,5
fastclass,0
jdk-cglib,0
connection-pool,0
spring-jpa,1
datasource,3
jedis,0
jedisproxy,0
pluggable,1
scala,1
oss,1
spark,0
sonar,0
jacoco,1
jooq,0
cassandra,0
couchbase,0
spring-shell,0
spring-webflux,0
utilities,2
utility-classes,0
smart-contracts,0
school,0
angular2,0
bachelor-thesis,0
mapper,0
architectural-enforcement,0
service-bus,0
message-passing,0
message-driven,0
net-core,0
tutorials,0
code-examples,0
spring-mvc-framework,0
spring5,2
resources,0
properties,0
view,0
network,0
java11,0
tiny-spring,0
spa,0
power,0
inversify,0
powerful,0
radixtree,0
arouter,0
data-access,0
spring-java,0
rate-limits,0
sequelize,0
eggjs,0
go,3
non-intrusive,0
aspectcore-aop,0
java-aop,1
authentication,1
plantuml,0
yuml,0
bash,0
events,1
serilog,0
castle-windsor,0
logging-example,0
shell,0
apk,0
apktool,0
sql,4
nodejs,0
plugin,1
agent,0
dynamic,3
ipc,0
loader,0
qps,0
nelts,0
node,0
rxjs,0
school-project,0
event-sourcing,0
eventbus,0
easylog,1
stub,0
fake,0
spy,0
mocking-framework,0
jdk,1
openjdk,0
nginx,0
docker-compose,2
sharding-jdbc,0
spring-study,0
multi-datasource,1
netcore31,0
autotuning,0
feup,0
lara,0
specs-feup,0
isat,0
lara-aspects,0
arduino,0
embedded-systems,0
multiagent-systems,0
raspberry-pi-3,0
jason,0
intent,0
onactivityresult,0
startactivityforresult,0
startactivity,0
nette,0
contributte,0
aspectj-gradle-plugin-for-android,0
aspectj-for-android,0
spring-factory,0
oracle,1
mvc2,0
fluent-api,0
hibernate,14
restful-api,2
rest-services,0
transaction-management,0
aspect-based,0
aspectj-plugin,0
aop-android,0
behavior,0
handler,0
watch,0
function,0
property,0
use,0
change,0
method,0
field,0
observe,0
after,1
before,1
around,1
typo3-cms-extension,0
typo3-extension,0
springaop,1
aspec,0
springboot-activemq,0
springcache,1
system,0
custom,0
design-system,0
ratelimiter,0
annota,0
coole,0
spi,1
sprintboot,1
ribbon,1
feign,0
turbine,0
jasypt,0
springsocial,0
codahale-metrics,0
dropwizard-metrics,0
guice-aop,0
completable-future,0
jpa-hibernate,2
controller,0
transaction-manager,0
tx-manager,0
aspectjx,0
custom-annotation,0
pluralsight,0
modularity,0
pointcut,4
postsharp-fundamentals,0
reflection-library,0
springboot-turorial,0
beans,0
route,0
algorithms,1
rest-client,0
example,1
easyui,0
iocp,0
generator,0
spring-boot-starter,0
rdbms,0
i18n,0
spring-cloud-config,1
war,0
hibernate-jpa,0
mixin-framework,0
anchor-modeling,0
ulrack,0
dynamicdatasource,0
proof-of-concept,0
bootstrap4,2
mockito,3
lombok-maven,0
spring-el,0
spring-cache,1
spring-framework-5,0
spring-events,0
spring-resourece,0
spring-type-conversion,0
spring-i18n,0
state-machine,0
generic-state-machine,0
codata,0
codota,0
css,2
heroku,0
html-css-javascript,0
jparepository,0
next,0
dispatchproxy,1
lightweight-framework,0
spring-web,3
spring-rest,0
automation,1
autolog,0
trie,0
cs,0
propertyeditor,0
computerscience,0
httpmessageconverter,0
hiddenhttpmethodfilter,0
proxy-design-pattern,0
tstack,0
lua,0
android-logging,0
tutorial,0
project,0
microdle,1
testing,1
guice-testlib,1
guice-junit-runner,1
jdk9,1
facilities,0
weave,0
gradle-task,1
safeenum,1
autowiring,0
ansible,0
ansible-playbook,0
nexus,0
zuul,0
eureka,1
jenkinsfile,0
jenkins-pipeline,0
spring-actuator,0
eureka-discovery-service,0
zuul-filter,0
openfeign,0
reflex,0
reflect-metadata,0
examples,0
programming-paradigm,0
programming-paradigms,0
jsp,2
tomcat9,0
dot,0
webapi-core,0
aop-logs,1
deprecated,0
obsolete,0
application,0
mediator,0
autolayout,0
fwframework,0
statsd,1
email-templates,1
email-transport,1
fluent,1
common-lisp,1
gradle-multi-profile,1
java-spring-framework,1
junit,2
roles,1
hsqldb,0
magento2,0
css-selector,0
html-layout,0
reactive-programming,1
concurrent-programming,0
event-driven-programming,0
paradigms,0
imperative-programming,0
tutorial-code,0
stereotype,0
lambda-expressions,0
oop-principles,0
polymorphism,0
stream-api,0
encapsulation,0
information-hiding,0
open-closed-principle,0
java-se,0
nio2,0
java-io,0
stream-api-java8,0
stream-api-exercises,0
java-se8,0
high-cohesion-loose-coupling,0
mono,0
paradigm,0
join-point,0
php-micro-framework,0
mybaties,0
product-line,0
grails-aop,0
switch-thread,0
big-data,0
apache-spark,0
jax-rs,0
angular-2,0
javamail-api,0
jersey2,0
annotation-processor,1
alipay-aop,0
aliyun-sdk,0
akademia-spring,0
as6,0
dynamic-object,0
act-like,0
spring-bean,2
spring-xml,1
castle-core,1
angular,1
spring-boot-rest,1
spirng-data-jpa,1
omniture,0
javasist,0
srp,0
isp,0
jax-ws,0
ocp,0
jsf2,0
dry,0
jstl,1
profiler,1
profiling,0
profiler-framework,0
lazyload,0
ant,0
restapi,0
junit4,0
gradle-wrapper,0
restful-webservices,0
javaconfig,0
spring-aspectj,0
gradle-java,0
networking,0
rmi,0
rmi-registry,0
java-reflection-api,0
java-5,0
hd,0
springioc,0
propagation,0
castle,0
aspectorientatedprogramming,0
sample,0
springbootaop,0
spirng-boot,0
composition-filters,0
wheel,0
angularjs,0
spring4x,0
springmvchibernate,1
rate-limiter,0
xian-lu,0
spring-boot-aop,1
mvc-pattern,0
google-maps-api,0
daum-map-api,0
naver-map-api,0
datatables,0
datatable,0
sms-messages,0
h2,0
dockerfile,0
swagger-ui,0
springbootlogging,0
springbootprofile,0
apidocumentations,0
springbootwithrabbitmq,0
executionspringbootappstartup,0
filesystem,0
messenger,0
mailing,0
groupware,0
spring-scheduling,0
sharepoint,0
spring-boot-2,0
ejb,0
tweet,0
enum,0
docker-image,0
server-side-rendering,0
aws-ec2,0
sonarcloud,0
customuser,0
metrouicss,0
mysql-database,0
redis-cache,0
graceful-shutdown,0
feign-client,0
anno,0
springboot-demo,0
jenkins,0
synchronization,0
multiplayer-game,0
uml,0
handbook,0
intellj,0
spring-framework-uml,0
network-programming,0
mutilthread,0
slf4j,0
spring-xml-configuration,0
profile,0
scheduling,0
indexing,0
data-jpa,0
hibernatesearch,0
hibernate-orm,0
thread-local,0
dagger2,0
python-server,0
rxjava-android,0
logit-annotation,0
practice-project,0
ngnix,0
spring-mongodb,0
source-code,0
jsf,0
abstractj,0
aca,0
proxies,0
annotation-processing,0
express,0
autoconfiguration,0
expressapp-framework,0
ltw,0
tracker,0
